{"cameraMode":{"drawMode":0,"name":"Shaded","section":"Shading Mode"},"sceneLighting":false,"audioPlay":false,"sceneViewState":{"showFog":true,"showMaterialUpdate":false,"showSkybox":false,"showFlares":true,"showImageEffects":true,"showParticleSystems":true},"in2DMode":false,"pivot":{"x":0.8670263290405273,"y":-3.3738327026367189,"z":2.2212343215942385},"rotation":{"x":0.1195288598537445,"y":-0.8617516756057739,"z":0.2387840896844864,"w":0.43136999011039736},"size":20.89417266845703,"orthographic":false}