{"cameraMode":{"drawMode":0,"name":"Shaded","section":"Shading Mode"},"sceneLighting":true,"audioPlay":false,"sceneViewState":{"showFog":false,"showMaterialUpdate":false,"showSkybox":false,"showFlares":false,"showImageEffects":false,"showParticleSystems":false},"in2DMode":false,"pivot":{"x":-0.9237810373306274,"y":0.949907660484314,"z":-1.0938915014266968},"rotation":{"x":0.0195351243019104,"y":-0.8925736546516419,"z":0.03885148465633392,"w":0.4488004148006439},"size":7.502194404602051,"orthographic":false}